NAME,total_housing_units,owner_occupied,renter_occupied,median_household_income,rent_burden_30_34,rent_burden_35_39,rent_burden_40_49,rent_burden_50_plus,rent_burden_total,education_total,no_schooling,nursery_school,total_population,white_non_hispanic,state,county,tract
Census Tract 1.01; King County; Washington,1730,159,1571,69028,58,95,223,392,1571,2633,0,0,3370,1289,53,033,000101
Census Tract 1.02; King County; Washington,2264,913,1351,87437,173,51,204,291,1351,3823,83,0,4548,3424,53,033,000102
Census Tract 2.01; King County; Washington,2456,1242,1214,83833,104,204,230,188,1214,3830,166,0,4918,2631,53,033,000201
Census Tract 2.02; King County; Washington,1519,1084,435,136597,7,8,27,136,435,3134,0,0,4406,2147,53,033,000202
Census Tract 3; King County; Washington,1222,1021,201,129375,0,0,43,35,201,2073,65,0,2819,1896,53,033,000300
Census Tract 4.02; King County; Washington,2664,1352,1312,99167,178,20,76,251,1312,4326,0,0,5420,3928,53,033,000402
Census Tract 4.03; King County; Washington,1765,698,1067,70922,82,34,83,349,1067,2954,0,0,3526,2391,53,033,000403
Census Tract 4.04; King County; Washington,2161,351,1810,46185,91,234,360,640,1810,2707,53,0,3644,1171,53,033,000404
Census Tract 5; King County; Washington,1246,1158,88,207738,0,0,25,24,88,2434,24,0,3361,2561,53,033,000500
Census Tract 6.01; King County; Washington,1754,763,991,94250,127,132,38,178,991,3225,111,0,4397,2620,53,033,000601
Census Tract 6.02; King County; Washington,1502,937,565,106983,27,42,91,112,565,2756,56,0,3663,1908,53,033,000602
Census Tract 7; King County; Washington,2544,1140,1404,107773,196,82,120,418,1404,4118,82,0,5217,3103,53,033,000700
Census Tract 8; King County; Washington,1125,924,201,140042,46,11,7,55,201,1971,7,0,2595,2020,53,033,000800
Census Tract 9; King County; Washington,884,722,162,134211,7,16,0,25,162,1676,4,0,2065,1297,53,033,000900
Census Tract 10; King County; Washington,761,522,239,146467,11,14,22,81,239,1417,11,0,2009,1347,53,033,001000
Census Tract 11; King County; Washington,1091,759,332,143155,14,12,0,165,332,1976,0,0,2550,1526,53,033,001100
Census Tract 12.01; King County; Washington,2291,450,1841,49098,204,84,73,670,1841,3224,12,0,4053,2476,53,033,001201
Census Tract 12.02; King County; Washington,1788,465,1323,88979,97,104,129,360,1323,2965,16,0,3968,1723,53,033,001202
Census Tract 13; King County; Washington,2464,1002,1462,93355,150,73,91,219,1462,4263,56,0,5207,2745,53,033,001300
Census Tract 14; King County; Washington,2209,1500,709,127672,13,52,89,246,709,3967,35,0,5145,3801,53,033,001400
Census Tract 15; King County; Washington,1100,936,164,194286,6,0,0,24,164,2137,0,0,2645,2245,53,033,001500
Census Tract 16; King County; Washington,1964,1540,424,229808,56,0,29,53,424,3508,12,0,4933,3703,53,033,001600
Census Tract 17.01; King County; Washington,2113,783,1330,130035,163,18,78,213,1330,3664,95,0,4217,2558,53,033,001701
Census Tract 17.02; King County; Washington,2347,1174,1173,124099,119,125,90,114,1173,4557,128,0,5847,3700,53,033,001702
Census Tract 18; King County; Washington,2309,853,1456,115168,141,109,79,241,1456,3698,0,0,4459,2725,53,033,001800
Census Tract 19; King County; Washington,2286,1247,1039,139697,61,81,100,219,1039,4127,8,0,5036,3288,53,033,001900
Census Tract 20; King County; Washington,1467,1001,466,156920,57,20,63,35,466,3201,0,0,4231,3225,53,033,002000
Census Tract 21; King County; Washington,2070,1232,838,137857,35,64,44,236,838,3641,10,0,4844,3470,53,033,002100
Census Tract 22; King County; Washington,2366,1768,598,189344,14,0,34,119,598,4627,29,0,6201,4167,53,033,002200
Census Tract 24; King County; Washington,1369,959,410,168059,12,38,27,66,410,2354,0,0,3051,2415,53,033,002400
Census Tract 25; King County; Washington,1316,935,381,163824,10,59,19,45,381,2451,0,0,3265,2353,53,033,002500
Census Tract 26; King County; Washington,2055,1172,883,147066,18,97,103,239,883,3964,15,0,5372,4298,53,033,002600
Census Tract 27; King County; Washington,2426,1822,604,220329,107,20,0,47,604,4647,11,0,5928,4103,53,033,002700
Census Tract 28; King County; Washington,2381,1469,912,142813,66,108,12,101,912,3794,0,0,5107,3644,53,033,002800
Census Tract 29; King County; Washington,2116,1458,658,124815,65,101,20,78,658,3467,0,0,4475,3703,53,033,002900
Census Tract 30; King County; Washington,2758,1806,952,188229,84,35,28,102,952,4817,0,0,6366,5134,53,033,003000
Census Tract 31; King County; Washington,2710,2029,681,186563,0,15,60,80,681,4749,15,0,6660,5247,53,033,003100
Census Tract 32.01; King County; Washington,2652,1111,1541,126880,35,111,185,232,1541,3906,48,0,4589,3488,53,033,003201
Census Tract 32.02; King County; Washington,2180,1538,642,163836,78,15,56,92,642,3752,77,0,4917,3743,53,033,003202
Census Tract 33.01; King County; Washington,2207,768,1439,128105,96,155,147,184,1439,3471,0,0,4315,3237,53,033,003301
Census Tract 33.02; King County; Washington,1711,803,908,162083,67,19,101,60,908,2992,0,0,3899,3016,53,033,003302
Census Tract 34; King County; Washington,1429,1064,365,181161,44,18,0,50,365,2601,0,0,3576,2762,53,033,003400
Census Tract 35; King County; Washington,1817,1060,757,145089,78,40,32,268,757,3186,12,0,4051,3226,53,033,003500
Census Tract 36.01; King County; Washington,1896,908,988,117375,87,93,71,177,988,3093,18,0,3602,2819,53,033,003601
Census Tract 36.02; King County; Washington,3075,405,2670,100954,239,214,162,517,2670,3751,0,0,4228,2550,53,033,003602
Census Tract 38; King County; Washington,929,562,367,175417,27,38,31,34,367,1775,0,0,2478,1595,53,033,003800
Census Tract 39; King County; Washington,1173,926,247,211406,9,0,43,37,247,2237,0,0,3383,2166,53,033,003900
Census Tract 40; King County; Washington,1420,974,446,122368,45,34,13,140,446,2181,4,0,3116,2381,53,033,004000
Census Tract 41.01; King County; Washington,1365,1247,118,250001,0,0,17,27,118,2715,0,0,4106,3306,53,033,004101
Census Tract 41.02; King County; Washington,1667,1082,585,221211,48,57,61,83,585,2786,0,0,4038,2990,53,033,004102
Census Tract 42.01; King County; Washington,1572,1111,461,191111,0,40,86,37,461,2656,0,0,3756,2914,53,033,004201
Census Tract 42.02; King County; Washington,1871,1401,470,193092,0,0,0,22,470,3605,0,31,4815,3732,53,033,004202
Census Tract 43.01; King County; Washington,1308,647,661,116111,33,38,121,118,661,2123,4,0,3605,2158,53,033,004301
Census Tract 43.02; King County; Washington,1703,110,1593,47690,135,131,148,640,1593,1628,39,0,4465,2257,53,033,004302
Census Tract 44.01; King County; Washington,1258,665,593,136389,62,30,9,266,593,2070,0,0,3720,2773,53,033,004401
Census Tract 44.02; King County; Washington,1817,164,1653,59716,167,47,228,447,1653,1799,8,0,3497,1671,53,033,004402
Census Tract 45; King County; Washington,1072,637,435,183235,48,11,0,102,435,2264,0,0,3230,2205,53,033,004500
Census Tract 46; King County; Washington,1412,897,515,163056,108,7,10,42,515,2768,0,0,3753,3113,53,033,004600
Census Tract 47.01; King County; Washington,2318,621,1697,112872,151,168,124,399,1697,2690,0,0,3596,2340,53,033,004701
Census Tract 47.02; King County; Washington,2307,899,1408,137487,47,13,116,291,1408,3013,0,0,3458,2200,53,033,004702
Census Tract 47.03; King County; Washington,2082,525,1557,160833,70,169,30,230,1557,3060,0,0,4111,2793,53,033,004703
Census Tract 48; King County; Washington,2435,1262,1173,145329,69,80,49,90,1173,4232,0,0,5108,3718,53,033,004800
Census Tract 49.01; King County; Washington,2053,794,1259,119969,180,0,169,174,1259,3080,0,0,3883,2925,53,033,004901
Census Tract 49.02; King County; Washington,1858,520,1338,124743,232,54,64,90,1338,2590,0,0,3359,2509,53,033,004902
Census Tract 50; King County; Washington,2508,594,1914,108994,207,238,162,380,1914,3575,22,0,4625,2884,53,033,005000
Census Tract 51; King County; Washington,1599,976,623,147656,52,4,20,198,623,2766,10,0,3848,2987,53,033,005100
Census Tract 52.01; King County; Washington,1758,635,1123,113298,76,92,100,406,1123,2653,0,0,3675,2035,53,033,005201
Census Tract 52.02; King County; Washington,1753,66,1687,48573,57,194,168,465,1687,1731,26,0,3056,1321,53,033,005202
Census Tract 53.03; King County; Washington,51,0,51,38625,0,10,5,21,51,139,0,0,3943,1516,53,033,005303
Census Tract 53.04; King County; Washington,157,0,157,25083,0,11,4,111,157,127,0,0,3428,1299,53,033,005304
Census Tract 53.05; King County; Washington,1190,22,1168,28864,30,49,157,634,1168,655,0,0,2137,905,53,033,005305
Census Tract 53.06; King County; Washington,1772,152,1620,42941,0,328,31,603,1620,1668,18,0,3404,1055,53,033,005306
Census Tract 53.07; King County; Washington,492,8,484,40548,18,128,0,210,484,291,0,0,3119,1663,53,033,005307
Census Tract 54.01; King County; Washington,2147,710,1437,139519,81,115,185,159,1437,2884,0,0,3306,2210,53,033,005401
Census Tract 54.02; King County; Washington,1778,464,1314,108500,137,63,110,332,1314,2466,0,0,2963,2143,53,033,005402
Census Tract 56; King County; Washington,2684,2364,320,220244,0,0,18,68,320,5180,0,0,7158,5718,53,033,005600
Census Tract 57; King County; Washington,3069,2127,942,185409,72,0,49,128,942,4991,61,0,6614,4714,53,033,005700
Census Tract 58.01; King County; Washington,3269,1140,2129,137104,76,73,121,184,2129,5292,0,0,6359,4317,53,033,005801
Census Tract 58.03; King County; Washington,1471,652,819,169263,83,44,45,54,819,2765,49,0,3237,2223,53,033,005803
Census Tract 58.04; King County; Washington,1533,324,1209,100873,72,45,76,150,1209,2143,15,0,2508,1710,53,033,005804
Census Tract 59.01; King County; Washington,1233,530,703,158074,0,55,23,77,703,1999,0,7,3607,2290,53,033,005901
Census Tract 59.02; King County; Washington,1741,1215,526,177314,64,57,81,35,526,2730,14,0,4316,3130,53,033,005902
Census Tract 60; King County; Washington,3174,1482,1692,144559,34,113,50,338,1692,4881,32,0,6329,4222,53,033,006000
Census Tract 61; King County; Washington,3210,1515,1695,138986,251,75,120,179,1695,4820,0,0,6104,4693,53,033,006100
Census Tract 62; King County; Washington,1667,1533,134,250001,0,12,0,7,134,3244,39,0,4239,3240,53,033,006200
Census Tract 63; King County; Washington,2641,1458,1183,189236,89,34,29,238,1183,4226,24,0,5844,4987,53,033,006300
Census Tract 64; King County; Washington,1450,1250,200,223462,8,21,0,47,200,2653,0,0,3605,2607,53,033,006400
Census Tract 65; King County; Washington,2759,1147,1612,167865,90,123,107,248,1612,4160,54,0,4773,3341,53,033,006500
Census Tract 66; King County; Washington,2464,606,1858,136747,149,48,148,296,1858,3575,0,0,4108,2819,53,033,006600
Census Tract 67.01; King County; Washington,2370,126,2244,162734,182,110,123,302,2244,3059,0,0,3475,1528,53,033,006701
Census Tract 67.02; King County; Washington,2124,519,1605,136541,137,51,0,91,1605,2751,0,0,2996,1442,53,033,006702
Census Tract 67.03; King County; Washington,1918,1102,816,124254,121,18,38,142,816,2595,0,0,3113,2166,53,033,006703
Census Tract 68; King County; Washington,1631,711,920,173295,70,34,11,180,920,2556,0,0,3273,2484,53,033,006800
Census Tract 69; King County; Washington,2072,1277,795,182917,24,122,40,28,795,3425,0,0,4984,3680,53,033,006900
Census Tract 70.01; King County; Washington,2792,981,1811,71735,329,77,257,180,1811,3562,8,0,3737,2386,53,033,007001
Census Tract 70.02; King County; Washington,2542,667,1875,97284,112,56,326,342,1875,3521,38,0,4052,2625,53,033,007002
Census Tract 71.01; King County; Washington,2031,339,1692,117292,120,144,133,217,1692,2644,12,0,3026,1433,53,033,007101
Census Tract 71.02; King County; Washington,1795,292,1503,127250,88,124,17,305,1503,2294,30,0,2597,1394,53,033,007102
Census Tract 72.01; King County; Washington,3466,699,2767,106736,294,70,100,725,2767,4719,0,0,5186,1939,53,033,007201
Census Tract 72.02; King County; Washington,2152,286,1866,170700,139,78,43,208,1866,3253,0,0,3631,1557,53,033,007202
Census Tract 72.03; King County; Washington,2262,164,2098,133679,77,155,159,155,2098,2468,0,0,3137,1092,53,033,007203
Census Tract 73.01; King County; Washington,2354,0,2354,103382,88,178,84,485,2354,2668,18,0,3416,1229,53,033,007301
Census Tract 73.02; King County; Washington,3469,518,2951,176513,236,295,240,304,2951,4476,16,0,5231,1988,53,033,007302
Census Tract 73.03; King County; Washington,2358,93,2265,159260,159,151,61,274,2265,3127,0,0,3645,1713,53,033,007303
Census Tract 74.03; King County; Washington,2018,199,1819,104342,128,177,125,205,1819,2514,5,0,2943,1887,53,033,007403
Census Tract 74.04; King County; Washington,2014,392,1622,99227,207,95,221,237,1622,2564,14,0,2770,1925,53,033,007404
Census Tract 74.05; King County; Washington,1857,197,1660,102985,101,146,116,165,1660,2034,178,0,2518,1608,53,033,007405
Census Tract 74.06; King County; Washington,2022,200,1822,62995,152,242,205,295,1822,2150,26,0,2644,1301,53,033,007406
Census Tract 75.01; King County; Washington,2859,459,2400,72542,105,237,243,567,2400,3615,33,0,4131,2585,53,033,007501
Census Tract 75.02; King County; Washington,2313,428,1885,104906,258,19,109,335,1885,2563,0,0,3071,1725,53,033,007502
Census Tract 75.03; King County; Washington,1669,180,1489,125819,125,92,163,260,1489,1730,0,0,2285,1547,53,033,007503
Census Tract 76; King County; Washington,2344,869,1475,132158,136,40,108,226,1475,3698,0,0,4692,3611,53,033,007600
Census Tract 77; King County; Washington,2535,1451,1084,163950,57,119,84,196,1084,4267,0,0,5665,3465,53,033,007700
Census Tract 78; King County; Washington,2230,1848,382,196667,45,20,19,80,382,4103,0,0,5670,4115,53,033,007800
Census Tract 79.01; King County; Washington,2127,507,1620,76033,81,202,155,215,1620,2702,8,0,3079,2010,53,033,007901
Census Tract 79.02; King County; Washington,2172,575,1597,110586,108,80,156,310,1597,3041,0,0,3781,2258,53,033,007902
Census Tract 80.02; King County; Washington,2943,631,2312,121341,153,118,94,216,2312,3980,51,0,4363,2229,53,033,008002
Census Tract 80.03; King County; Washington,2699,860,1839,102437,158,131,133,364,1839,3762,52,0,3911,2009,53,033,008003
Census Tract 80.04; King County; Washington,2152,784,1368,187179,46,26,0,282,1368,2951,0,0,3024,1761,53,033,008004
Census Tract 81.01; King County; Washington,1977,578,1399,118657,70,75,39,319,1399,2548,0,0,2788,1677,53,033,008101
Census Tract 81.02; King County; Washington,1979,238,1741,145642,423,76,60,273,1741,3074,1,0,3512,1712,53,033,008102
Census Tract 82; King County; Washington,2986,339,2647,135931,297,79,95,534,2647,3847,0,0,4632,2041,53,033,008200
Census Tract 83; King County; Washington,2146,482,1664,92969,134,170,113,377,1664,2749,65,0,3342,1812,53,033,008300
Census Tract 84.01; King County; Washington,2532,241,2291,107050,227,79,89,425,2291,2736,45,0,3394,1896,53,033,008401
Census Tract 84.02; King County; Washington,2456,159,2297,81574,200,510,139,304,2297,2556,0,0,2972,1781,53,033,008402
Census Tract 85; King County; Washington,1997,197,1800,69148,137,45,186,292,1800,3666,77,0,4458,2288,53,033,008500
Census Tract 86; King County; Washington,3280,435,2845,87159,271,186,114,818,2845,4178,18,0,6863,3048,53,033,008600
Census Tract 87; King County; Washington,1995,1004,991,177510,39,24,79,222,991,3731,35,0,4888,2706,53,033,008700
Census Tract 88; King County; Washington,1771,946,825,134522,42,14,173,175,825,3043,9,0,4290,2670,53,033,008800
Census Tract 89; King County; Washington,2780,1642,1138,102556,106,119,121,169,1138,4722,139,0,6176,3346,53,033,008900
Census Tract 90; King County; Washington,2337,508,1829,62443,181,108,120,454,1829,3416,21,0,4256,1654,53,033,009000
Census Tract 91; King County; Washington,2011,71,1940,37793,184,92,217,537,1940,2694,297,0,3173,825,53,033,009100
Census Tract 92; King County; Washington,2121,93,2028,39117,132,189,306,431,2028,2894,117,0,3373,1387,53,033,009200
Census Tract 93; King County; Washington,1628,624,1004,120455,122,48,115,159,1004,2857,25,0,3364,1608,53,033,009300
Census Tract 94; King County; Washington,3322,1465,1857,94185,387,91,79,241,1857,5176,191,0,6289,2761,53,033,009400
Census Tract 95; King County; Washington,3114,1737,1377,141116,130,125,143,240,1377,5543,91,0,7179,3157,53,033,009500
Census Tract 96; King County; Washington,2859,1909,950,157846,90,37,30,179,950,5084,14,0,6057,4854,53,033,009600
Census Tract 97.01; King County; Washington,2736,1459,1277,121875,76,99,127,208,1277,4796,24,0,6029,4419,53,033,009701
Census Tract 97.02; King County; Washington,2319,1711,608,171696,0,125,17,100,608,4262,0,0,6093,5040,53,033,009702
Census Tract 98.01; King County; Washington,1671,1023,648,102725,30,33,58,236,648,2434,15,0,3409,2833,53,033,009801
Census Tract 98.02; King County; Washington,1825,956,869,130197,215,110,16,132,869,3257,18,0,4214,3126,53,033,009802
Census Tract 99; King County; Washington,3079,1675,1404,109050,226,71,188,199,1404,4892,30,0,5803,3343,53,033,009900
Census Tract 100.01; King County; Washington,1675,691,984,87113,46,176,128,219,984,2836,238,0,4148,1230,53,033,010001
Census Tract 100.02; King County; Washington,2194,1185,1009,103263,48,88,99,344,1009,4027,133,0,4865,2193,53,033,010002
Census Tract 101.01; King County; Washington,1759,656,1103,46863,153,27,192,293,1103,2710,187,0,4246,1580,53,033,010101
Census Tract 101.02; King County; Washington,1835,1212,623,144323,12,15,99,99,623,3621,29,0,4693,2888,53,033,010102
Census Tract 102; King County; Washington,2058,1829,229,166979,10,0,18,7,229,3988,68,0,5439,3178,53,033,010200
Census Tract 103.01; King County; Washington,1575,1054,521,129563,34,0,20,222,521,3137,49,0,4190,1958,53,033,010301
Census Tract 103.02; King County; Washington,1754,518,1236,126157,178,52,99,249,1236,2931,0,0,3438,2386,53,033,010302
Census Tract 104.01; King County; Washington,1396,986,410,134620,74,37,27,17,410,3385,32,0,4672,1148,53,033,010401
Census Tract 104.02; King County; Washington,1613,1195,418,96891,7,12,7,32,418,3478,126,0,4660,998,53,033,010402
Census Tract 105.01; King County; Washington,2334,708,1626,116142,103,132,92,227,1626,3602,8,0,4315,3133,53,033,010501
Census Tract 105.02; King County; Washington,3091,1158,1933,120518,193,174,87,332,1933,4940,0,0,5769,4363,53,033,010502
Census Tract 106.01; King County; Washington,2005,1266,739,149542,39,48,103,59,739,3622,13,0,4245,3190,53,033,010601
Census Tract 106.02; King County; Washington,1962,1157,805,104244,21,99,22,310,805,3127,11,0,3923,3369,53,033,010602
Census Tract 107.01; King County; Washington,1771,898,873,102330,111,54,70,197,873,3123,113,0,4220,1661,53,033,010701
Census Tract 107.02; King County; Washington,1938,904,1034,95410,181,43,16,256,1034,3252,103,0,5012,1884,53,033,010702
Census Tract 108; King County; Washington,1878,1445,433,149375,8,0,0,181,433,3698,101,0,5023,2469,53,033,010800
Census Tract 109; King County; Washington,702,419,283,96250,37,26,44,44,283,1030,21,0,1181,780,53,033,010900
Census Tract 110.01; King County; Washington,1927,863,1064,51546,50,192,105,280,1064,3756,246,0,5067,757,53,033,011001
Census Tract 110.02; King County; Washington,1282,784,498,82386,74,96,6,59,498,2920,184,0,4801,544,53,033,011002
Census Tract 111.01; King County; Washington,2005,796,1209,91284,171,144,77,242,1209,3634,90,0,4807,1468,53,033,011101
Census Tract 111.02; King County; Washington,1959,1032,927,112125,123,47,102,204,927,4042,54,0,5759,2233,53,033,011102
Census Tract 112; King County; Washington,1482,688,794,83397,190,77,22,188,794,2681,130,0,4060,1383,53,033,011200
Census Tract 113; King County; Washington,2811,1816,995,127075,34,82,89,507,995,5116,157,0,6969,3040,53,033,011300
Census Tract 114.01; King County; Washington,1880,995,885,101563,77,70,51,200,885,3968,74,0,5188,2510,53,033,011401
Census Tract 114.02; King County; Washington,1926,1071,855,107632,63,66,6,94,855,3269,65,0,4426,1931,53,033,011402
Census Tract 115; King County; Washington,2019,1440,579,124613,46,95,74,152,579,3416,10,0,4370,2936,53,033,011500
Census Tract 116.01; King County; Washington,1426,1187,239,164157,8,0,14,57,239,2596,0,0,3337,2397,53,033,011601
Census Tract 116.02; King County; Washington,1486,1093,393,148125,45,46,16,80,393,2701,13,0,3615,2924,53,033,011602
Census Tract 117; King County; Washington,1711,1181,530,87125,21,0,0,222,530,4351,410,0,5742,981,53,033,011700
Census Tract 118.01; King County; Washington,1220,733,487,92049,32,27,34,134,487,2204,95,0,3361,898,53,033,011801
Census Tract 118.02; King County; Washington,1980,919,1061,68942,90,37,130,324,1061,3331,136,49,4918,1333,53,033,011802
Census Tract 119.01; King County; Washington,1430,1048,382,146250,14,125,35,26,382,3557,328,0,4553,1044,53,033,011901
Census Tract 119.02; King County; Washington,1207,1047,160,130865,0,28,44,0,160,2432,57,0,3034,1088,53,033,011902
Census Tract 120; King County; Washington,1482,1217,265,117500,18,0,34,51,265,2475,19,0,3373,2675,53,033,012000
Census Tract 121; King County; Washington,1211,1100,111,187131,0,31,10,21,111,2134,0,0,2772,2187,53,033,012100
Census Tract 201; King County; Washington,1359,1220,139,146065,6,0,12,8,139,2747,0,0,3409,2615,53,033,020100
Census Tract 202; King County; Washington,2295,1685,610,97212,0,84,62,271,610,4418,15,0,5453,4176,53,033,020200
Census Tract 203.01; King County; Washington,1602,558,1044,92642,81,63,64,267,1044,2617,39,10,3530,2020,53,033,020301
Census Tract 203.02; King County; Washington,1448,885,563,96090,30,74,106,157,563,3028,36,0,3887,1908,53,033,020302
Census Tract 204.01; King County; Washington,1549,1017,532,98472,55,115,27,59,532,3102,41,0,4221,2855,53,033,020401
Census Tract 204.02; King County; Washington,2246,1581,665,121484,55,71,23,182,665,3907,20,0,5523,3829,53,033,020402
Census Tract 205; King County; Washington,3129,2120,1009,131563,137,124,115,235,1009,5609,52,0,7761,4220,53,033,020500
Census Tract 206; King County; Washington,1171,1032,139,165708,16,7,29,21,139,2840,80,0,4020,1812,53,033,020600
Census Tract 207; King County; Washington,1779,796,983,100046,91,168,58,175,983,3193,42,0,4140,2456,53,033,020700
Census Tract 208; King County; Washington,1798,1428,370,163816,108,28,0,61,370,3484,8,0,4686,3535,53,033,020800
Census Tract 209; King County; Washington,1600,1132,468,111923,103,30,0,109,468,3033,13,0,3941,2625,53,033,020900
Census Tract 210; King County; Washington,2214,1697,517,115000,91,95,0,63,517,4730,202,0,5786,3527,53,033,021000
Census Tract 211; King County; Washington,1627,1145,482,119219,21,14,23,100,482,3360,23,0,4222,2939,53,033,021100
Census Tract 213; King County; Washington,1827,1134,693,125125,103,27,143,129,693,3326,25,0,4327,2478,53,033,021300
Census Tract 214; King County; Washington,1532,1225,307,159100,0,0,114,38,307,2933,0,0,3985,3158,53,033,021400
Census Tract 215; King County; Washington,1719,1538,181,192676,32,0,7,27,181,3310,9,0,4798,3587,53,033,021500
Census Tract 216; King County; Washington,2072,1521,551,128571,86,68,47,111,551,3851,50,0,5407,3831,53,033,021600
Census Tract 217.01; King County; Washington,1457,973,484,180977,107,11,47,96,484,3359,6,0,4599,2233,53,033,021701
Census Tract 217.02; King County; Washington,2326,1107,1219,83357,57,0,288,163,1219,3867,27,0,5204,2966,53,033,021702
Census Tract 218.02; King County; Washington,2221,1315,906,153801,77,1,41,215,906,4073,13,0,6062,3733,53,033,021802
Census Tract 218.03; King County; Washington,2979,1623,1356,125104,171,149,80,228,1356,4795,33,0,6458,4950,53,033,021803
Census Tract 218.04; King County; Washington,2199,1110,1089,121194,60,78,77,343,1089,3487,175,0,5482,3355,53,033,021804
Census Tract 219.03; King County; Washington,2850,1299,1551,91450,177,36,90,442,1551,4754,63,0,6635,4210,53,033,021903
Census Tract 219.04; King County; Washington,1961,1432,529,167109,49,0,24,76,529,3890,54,0,5720,3228,53,033,021904
Census Tract 219.05; King County; Washington,2128,1657,471,130469,110,58,0,136,471,4170,43,0,5678,3363,53,033,021905
Census Tract 219.06; King County; Washington,1834,1312,522,153974,136,26,11,88,522,3318,38,0,4591,2454,53,033,021906
Census Tract 220.01; King County; Washington,2279,1325,954,115795,124,66,61,340,954,4060,38,0,5154,3442,53,033,022001
Census Tract 220.03; King County; Washington,2003,1275,728,130066,146,86,50,101,728,3825,72,7,5227,3306,53,033,022003
Census Tract 220.05; King County; Washington,2074,1362,712,120417,66,73,66,99,712,3420,31,0,4448,2313,53,033,022005
Census Tract 220.06; King County; Washington,1947,1276,671,128616,46,50,10,44,671,3603,24,0,4373,2919,53,033,022006
Census Tract 221.01; King County; Washington,1948,1669,279,180345,22,29,0,80,279,3678,27,0,4956,3745,53,033,022101
Census Tract 221.02; King County; Washington,2194,1705,489,175577,0,16,59,63,489,4390,22,0,6480,3952,53,033,022102
Census Tract 222.01; King County; Washington,1723,1101,622,128438,78,10,0,178,622,3458,0,0,4646,3575,53,033,022201
Census Tract 222.03; King County; Washington,2238,1572,666,154412,18,37,79,124,666,4001,16,0,5563,3717,53,033,022203
Census Tract 222.04; King County; Washington,1294,912,382,128625,28,33,33,34,382,2409,0,0,3166,2253,53,033,022204
Census Tract 222.05; King County; Washington,1985,723,1262,117754,107,47,56,275,1262,3018,11,0,4141,2966,53,033,022205
Census Tract 223; King County; Washington,1065,992,73,198375,10,9,0,0,73,1979,7,0,2528,1944,53,033,022300
Census Tract 224.01; King County; Washington,1538,859,679,174426,13,62,83,161,679,2591,24,0,3499,2570,53,033,022401
Census Tract 224.02; King County; Washington,2837,1424,1413,158260,182,51,47,334,1413,4573,0,0,6098,4786,53,033,022402
Census Tract 225.01; King County; Washington,1653,1215,438,190913,55,0,35,60,438,2993,28,0,4450,2791,53,033,022501
Census Tract 225.02; King County; Washington,2402,1219,1183,146970,100,131,26,215,1183,3561,0,0,4186,2933,53,033,022502
Census Tract 226.03; King County; Washington,2643,1854,789,163413,16,194,95,150,789,4492,38,0,5973,3158,53,033,022603
Census Tract 226.04; King County; Washington,1855,1515,340,185016,9,9,40,34,340,3555,20,0,4954,3052,53,033,022604
Census Tract 226.05; King County; Washington,2919,1342,1577,132652,223,50,29,325,1577,5298,69,0,7411,3723,53,033,022605
Census Tract 226.06; King County; Washington,2488,1799,689,185988,115,0,92,179,689,4634,0,0,6391,3442,53,033,022606
Census Tract 227.01; King County; Washington,1655,648,1007,177802,64,43,70,177,1007,2440,9,0,2982,2192,53,033,022701
Census Tract 227.02; King County; Washington,1219,942,277,225592,45,0,50,14,277,2467,0,0,4148,2968,53,033,022702
Census Tract 227.03; King County; Washington,1044,835,209,228250,0,10,16,31,209,2023,7,0,3078,1727,53,033,022703
Census Tract 228.02; King County; Washington,2366,1475,891,164237,41,0,33,132,891,4529,0,0,6380,3329,53,033,022802
Census Tract 228.03; King County; Washington,3640,732,2908,174623,210,38,23,480,2908,5704,69,0,7571,2422,53,033,022803
Census Tract 228.04; King County; Washington,2307,455,1852,103974,58,173,29,373,1852,3481,1,0,4746,1623,53,033,022804
Census Tract 228.05; King County; Washington,1681,686,995,157866,117,0,25,34,995,2772,19,0,3429,1319,53,033,022805
Census Tract 229.01; King County; Washington,1079,900,179,186563,0,7,13,34,179,2331,48,0,3165,1945,53,033,022901
Census Tract 229.02; King County; Washington,2663,2007,656,204390,27,0,99,39,656,4837,18,0,6765,4462,53,033,022902
Census Tract 230; King County; Washington,2883,1619,1264,182054,107,96,30,166,1264,5186,172,0,7344,3628,53,033,023000
Census Tract 231; King County; Washington,1460,1088,372,191250,0,45,11,10,372,3248,50,0,4501,2205,53,033,023100
Census Tract 232.01; King County; Washington,2470,841,1629,111886,103,189,53,230,1629,4375,27,0,5735,1350,53,033,023201
Census Tract 232.02; King County; Washington,1889,824,1065,95270,90,9,115,272,1065,3679,23,0,5126,1774,53,033,023202
Census Tract 233; King County; Washington,2458,1848,610,175357,63,62,0,61,610,5349,92,16,7440,3622,53,033,023300
Census Tract 234.01; King County; Washington,1631,989,642,142875,24,39,49,81,642,3205,86,0,4327,1535,53,033,023401
Census Tract 234.03; King County; Washington,1426,1097,329,159405,25,0,0,70,329,2783,20,0,3946,2150,53,033,023403
Census Tract 234.04; King County; Washington,1269,1039,230,166979,43,9,15,0,230,2326,9,0,3525,2674,53,033,023404
Census Tract 235; King County; Washington,1521,990,531,148894,64,28,40,114,531,3043,10,0,4098,2586,53,033,023500
Census Tract 236.01; King County; Washington,2024,985,1039,166944,69,38,58,342,1039,3513,23,0,4678,2028,53,033,023601
Census Tract 236.03; King County; Washington,2677,911,1766,142731,0,141,102,524,1766,4420,84,0,6510,1419,53,033,023603
Census Tract 236.04; King County; Washington,2488,1192,1296,124306,61,59,58,329,1296,4441,67,0,6179,2283,53,033,023604
Census Tract 237.01; King County; Washington,1724,1073,651,208289,39,34,27,56,651,3328,6,0,4424,2345,53,033,023701
Census Tract 237.02; King County; Washington,733,75,658,137656,19,9,15,171,658,983,0,0,1283,308,53,033,023702
Census Tract 238.01; King County; Washington,1534,647,887,132429,62,12,23,129,887,2581,57,0,3312,1118,53,033,023801
Census Tract 238.05; King County; Washington,2203,231,1972,164747,46,58,165,231,1972,2945,70,0,3655,1349,53,033,023805
Census Tract 238.06; King County; Washington,2333,100,2233,162695,83,107,139,323,2233,3352,0,0,3708,1490,53,033,023806
Census Tract 238.07; King County; Washington,3495,580,2915,186914,277,110,94,283,2915,5335,23,0,5906,2492,53,033,023807
Census Tract 238.08; King County; Washington,1834,208,1626,139861,88,0,28,306,1626,2216,0,0,2638,887,53,033,023808
Census Tract 239.01; King County; Washington,1773,1009,764,138872,58,52,57,169,764,3309,0,0,4801,2435,53,033,023901
Census Tract 239.02; King County; Washington,1042,923,119,250001,0,0,0,0,119,1953,14,0,2798,1938,53,033,023902
Census Tract 240.01; King County; Washington,1693,1142,551,181078,13,7,0,185,551,3113,0,0,4403,2146,53,033,024001
Census Tract 240.02; King County; Washington,1646,827,819,163750,68,10,98,187,819,2890,8,0,4022,1778,53,033,024002
Census Tract 241; King County; Washington,1757,1649,108,250001,0,11,7,12,108,3403,8,0,4617,2603,53,033,024100
Census Tract 242; King County; Washington,1011,795,216,249688,15,0,11,100,216,1988,3,0,2889,1747,53,033,024200
Census Tract 243.01; King County; Washington,2650,800,1850,115357,144,229,70,348,1850,3858,53,0,4893,3294,53,033,024301
Census Tract 243.02; King County; Washington,1354,1010,344,212708,0,47,45,156,344,2947,12,0,3956,2636,53,033,024302
Census Tract 244; King County; Washington,1277,485,792,126520,57,26,29,247,792,2214,13,0,3166,1574,53,033,024400
Census Tract 245; King County; Washington,1748,1550,198,250001,48,0,11,12,198,3421,18,0,4957,3133,53,033,024500
Census Tract 246.01; King County; Washington,1691,1556,135,250001,9,0,0,44,135,3312,0,0,4798,3496,53,033,024601
Census Tract 246.02; King County; Washington,1173,1128,45,250001,13,0,0,0,45,2427,22,0,3512,2370,53,033,024602
Census Tract 247.01; King County; Washington,1392,975,417,137721,12,0,32,113,417,2481,32,0,3554,1420,53,033,024701
Census Tract 247.03; King County; Washington,1587,1259,328,220964,41,44,18,36,328,3078,3,0,4243,2275,53,033,024703
Census Tract 247.04; King County; Washington,1512,1151,361,153000,99,21,0,117,361,3025,79,0,4352,2096,53,033,024704
Census Tract 248; King County; Washington,2333,1565,768,153042,23,10,116,120,768,4507,0,0,6268,2839,53,033,024800
Census Tract 249.01; King County; Washington,1601,1407,194,196193,0,8,7,57,194,3175,53,0,4605,1336,53,033,024901
Census Tract 249.02; King County; Washington,1408,1243,165,223250,9,0,0,38,165,2861,0,0,4409,1863,53,033,024902
Census Tract 249.04; King County; Washington,1019,945,74,231641,0,0,0,40,74,2118,48,0,2973,625,53,033,024904
Census Tract 249.05; King County; Washington,1337,1241,96,250001,36,7,0,10,96,2659,39,0,3502,1514,53,033,024905
Census Tract 250.01; King County; Washington,2179,1426,753,170852,27,21,67,293,753,4282,34,0,5968,2396,53,033,025001
Census Tract 250.05; King County; Washington,2647,1577,1070,163250,27,79,56,240,1070,4442,25,0,6108,2261,53,033,025005
Census Tract 250.06; King County; Washington,2680,1985,695,186452,51,0,41,274,695,5017,26,0,6756,3531,53,033,025006
Census Tract 250.07; King County; Washington,1800,1029,771,139286,106,77,125,197,771,3504,0,0,4804,2274,53,033,025007
Census Tract 250.08; King County; Washington,866,731,135,250001,0,66,0,0,135,1900,0,0,2778,1702,53,033,025008
Census Tract 251.01; King County; Washington,2231,1374,857,122801,77,80,100,167,857,4400,90,0,6459,2908,53,033,025101
Census Tract 251.03; King County; Washington,1526,1121,405,131678,107,22,0,47,405,2984,30,0,4126,1189,53,033,025103
Census Tract 251.04; King County; Washington,1328,1178,150,201892,0,0,35,15,150,2807,148,0,4476,1432,53,033,025104
Census Tract 252.01; King County; Washington,1602,1221,381,110365,5,0,38,197,381,2908,150,0,3900,1745,53,033,025201
Census Tract 252.02; King County; Washington,1910,1144,766,118280,223,23,58,119,766,3572,284,0,4855,1844,53,033,025202
Census Tract 253.02; King County; Washington,2900,526,2374,52425,155,197,277,781,2374,3831,111,0,4504,2117,53,033,025302
Census Tract 253.03; King County; Washington,1632,160,1472,89792,104,130,69,407,1472,2112,17,0,2673,1179,53,033,025303
Census Tract 253.04; King County; Washington,1609,936,673,126563,4,0,35,111,673,3124,75,0,4205,2488,53,033,025304
Census Tract 254.01; King County; Washington,1621,496,1125,84313,274,57,32,245,1125,2704,127,0,3684,1201,53,033,025401
Census Tract 254.02; King County; Washington,1454,601,853,101875,95,83,59,205,853,2652,180,0,3746,1700,53,033,025402
Census Tract 255; King County; Washington,2011,961,1050,80226,92,35,272,320,1050,3795,281,0,5434,2173,53,033,025500
Census Tract 256.01; King County; Washington,1975,1177,798,83784,122,52,123,132,798,3916,315,0,5354,2476,53,033,025601
Census Tract 256.02; King County; Washington,2288,2191,97,153538,0,0,18,0,97,4709,92,0,6825,2980,53,033,025602
Census Tract 257.02; King County; Washington,1195,948,247,143503,8,28,23,35,247,2544,58,0,3500,2003,53,033,025702
Census Tract 257.03; King County; Washington,1601,370,1231,79128,126,113,61,354,1231,2612,54,0,3426,1375,53,033,025703
Census Tract 257.04; King County; Washington,1407,581,826,64464,68,32,54,58,826,2254,63,0,3862,1833,53,033,025704
Census Tract 258.03; King County; Washington,1762,878,884,83500,95,147,99,263,884,2991,76,0,4777,1538,53,033,025803
Census Tract 258.04; King County; Washington,1365,1113,252,103776,0,0,0,79,252,2666,64,0,3734,2240,53,033,025804
Census Tract 258.05; King County; Washington,2308,1505,803,105833,57,65,164,87,803,3976,119,0,5421,2662,53,033,025805
Census Tract 258.06; King County; Washington,1867,1071,796,98229,0,47,78,167,796,3670,97,0,5064,1398,53,033,025806
Census Tract 260.01; King County; Washington,2183,1811,372,119622,56,23,17,127,372,4202,60,0,5533,2160,53,033,026001
Census Tract 260.03; King County; Washington,1461,210,1251,66321,140,172,145,434,1251,2406,68,0,4066,875,53,033,026003
Census Tract 260.04; King County; Washington,1444,955,489,136351,69,39,10,185,489,3478,89,0,4235,1575,53,033,026004
Census Tract 261.01; King County; Washington,1511,720,791,78829,21,33,90,182,791,2850,107,0,3671,696,53,033,026101
Census Tract 261.02; King County; Washington,1465,800,665,69219,14,27,42,398,665,3006,188,0,4287,1038,53,033,026102
Census Tract 262; King County; Washington,2843,704,2139,74621,170,182,107,299,2139,4709,48,0,6249,1970,53,033,026200
Census Tract 263; King County; Washington,550,352,198,79000,67,7,23,52,198,1140,53,0,1621,546,53,033,026300
Census Tract 264; King County; Washington,2182,994,1188,77667,167,47,74,417,1188,3366,254,0,5782,2046,53,033,026400
Census Tract 265; King County; Washington,1622,716,906,66932,117,140,107,133,906,2967,317,0,4536,1239,53,033,026500
Census Tract 266; King County; Washington,853,625,228,111563,39,12,21,41,228,1584,27,0,2093,947,53,033,026600
Census Tract 267; King County; Washington,1976,1388,588,126250,126,42,0,149,588,3851,110,0,5967,2995,53,033,026700
Census Tract 268.01; King County; Washington,2411,1251,1160,77004,147,226,82,268,1160,4082,187,0,6114,2017,53,033,026801
Census Tract 268.02; King County; Washington,2108,1223,885,82010,64,73,73,278,885,4348,231,0,6094,1979,53,033,026802
Census Tract 270; King County; Washington,1128,767,361,107944,18,102,71,7,361,2209,70,0,2967,1583,53,033,027000
Census Tract 271; King County; Washington,1469,686,783,75274,93,15,94,148,783,3108,219,0,4213,1511,53,033,027100
Census Tract 272; King County; Washington,994,542,452,84722,82,4,39,143,452,2026,168,0,2898,894,53,033,027200
Census Tract 273; King County; Washington,1963,1215,748,102224,45,0,0,215,748,4520,794,0,6902,1926,53,033,027300
Census Tract 274; King County; Washington,1885,1322,563,82383,51,49,64,123,563,3655,40,0,5043,2344,53,033,027400
Census Tract 275; King County; Washington,1886,1224,662,79667,40,11,70,191,662,3700,117,0,4798,2354,53,033,027500
Census Tract 276; King County; Washington,1631,872,759,94875,103,55,123,169,759,3034,28,0,4232,1676,53,033,027600
Census Tract 277.01; King County; Washington,2324,1872,452,106204,78,39,0,96,452,4189,0,0,5599,4652,53,033,027701
Census Tract 277.02; King County; Washington,2099,1718,381,125587,35,0,0,102,381,3937,0,0,4825,4234,53,033,027702
Census Tract 278; King County; Washington,1348,1233,115,165556,0,0,5,22,115,2681,12,0,3298,2566,53,033,027800
Census Tract 279.01; King County; Washington,1681,1231,450,138036,27,52,0,110,450,3578,24,0,4565,3466,53,033,027901
Census Tract 279.02; King County; Washington,1881,500,1381,63378,138,118,214,292,1381,2689,43,0,3536,1996,53,033,027902
Census Tract 280; King County; Washington,1589,488,1101,84063,261,104,57,150,1101,2103,139,0,3853,1378,53,033,028000
Census Tract 281; King County; Washington,967,363,604,67083,20,26,115,134,604,2043,195,0,3072,518,53,033,028100
Census Tract 282; King County; Washington,2082,880,1202,70708,105,102,226,257,1202,3959,297,0,4990,1480,53,033,028200
Census Tract 283; King County; Washington,2270,1613,657,112984,57,44,109,99,657,4144,63,0,5361,2079,53,033,028300
Census Tract 284.02; King County; Washington,2123,827,1296,79476,165,58,179,272,1296,3980,201,98,6101,1275,53,033,028402
Census Tract 284.03; King County; Washington,2678,1163,1515,58706,149,107,154,381,1515,4115,135,0,5519,1614,53,033,028403
Census Tract 285; King County; Washington,1714,972,742,103333,110,14,52,211,742,3119,32,0,4522,1770,53,033,028500
Census Tract 286; King County; Washington,2498,2038,460,141707,66,8,40,112,460,4722,36,0,6418,5194,53,033,028600
Census Tract 287; King County; Washington,1736,1577,159,131786,11,0,11,20,159,3701,32,0,5257,2909,53,033,028700
Census Tract 288.01; King County; Washington,1096,480,616,69196,92,0,93,210,616,2901,26,0,3516,1806,53,033,028801
Census Tract 288.02; King County; Washington,2689,864,1825,61340,229,159,517,494,1825,4658,211,0,7438,2075,53,033,028802
Census Tract 289.01; King County; Washington,1655,833,822,82695,107,40,57,337,822,2735,32,0,3778,2086,53,033,028901
Census Tract 289.02; King County; Washington,2581,766,1815,58299,91,155,329,666,1815,4443,140,0,7158,1873,53,033,028902
Census Tract 290.01; King County; Washington,1778,1235,543,102273,39,49,8,172,543,3149,33,0,3982,2726,53,033,029001
Census Tract 290.03; King County; Washington,2045,1137,908,92292,83,275,173,124,908,4058,94,0,5850,1861,53,033,029003
Census Tract 290.04; King County; Washington,1311,583,728,53860,59,57,45,280,728,2507,173,0,4371,1017,53,033,029004
Census Tract 291.01; King County; Washington,1463,1002,461,89750,23,50,72,151,461,2570,32,0,4397,1103,53,033,029101
Census Tract 291.02; King County; Washington,1521,1011,510,82313,8,8,0,213,510,3281,219,0,4989,1430,53,033,029102
Census Tract 292.03; King County; Washington,1473,475,998,78433,61,111,119,220,998,3082,52,0,4331,1861,53,033,029203
Census Tract 292.05; King County; Washington,2072,1296,776,90833,148,35,79,236,776,3267,89,0,4824,1588,53,033,029205
Census Tract 292.06; King County; Washington,2061,232,1829,47487,251,105,116,856,1829,3087,93,0,4688,1120,53,033,029206
Census Tract 292.07; King County; Washington,878,814,64,114674,7,0,20,20,64,1871,76,0,2495,1067,53,033,029207
Census Tract 292.08; King County; Washington,1657,255,1402,69034,168,78,130,428,1402,2727,88,0,4624,1741,53,033,029208
Census Tract 293.04; King County; Washington,1904,1400,504,116216,79,0,63,84,504,3625,55,0,5110,2148,53,033,029304
Census Tract 293.05; King County; Washington,1497,1273,224,109460,10,41,32,0,224,3409,131,0,4685,1328,53,033,029305
Census Tract 293.06; King County; Washington,1234,978,256,114615,21,0,2,103,256,2378,192,0,3528,1325,53,033,029306
Census Tract 293.07; King County; Washington,1340,1169,171,112857,5,0,73,9,171,2794,49,0,3964,2389,53,033,029307
Census Tract 293.08; King County; Washington,1331,875,456,120495,92,0,180,61,456,2553,95,0,3418,1152,53,033,029308
Census Tract 293.09; King County; Washington,2081,1177,904,100923,121,162,241,138,904,3676,111,0,5451,1731,53,033,029309
Census Tract 294.03; King County; Washington,2313,1583,730,108890,27,0,96,58,730,4370,83,0,5968,1754,53,033,029403
Census Tract 294.05; King County; Washington,1827,1660,167,142650,0,16,0,83,167,4016,85,0,5658,2289,53,033,029405
Census Tract 294.06; King County; Washington,1527,1306,221,126860,18,0,11,77,221,3479,111,11,4772,1997,53,033,029406
Census Tract 294.07; King County; Washington,1663,771,892,68596,64,189,62,265,892,3231,41,0,5228,1420,53,033,029407
Census Tract 294.08; King County; Washington,1640,687,953,64674,48,130,78,203,953,3252,119,10,4594,1093,53,033,029408
Census Tract 295.04; King County; Washington,2417,961,1456,93355,250,50,172,251,1456,4177,71,0,6647,2827,53,033,029504
Census Tract 295.05; King County; Washington,1456,453,1003,63854,102,11,241,312,1003,2780,223,0,4445,1022,53,033,029505
Census Tract 295.06; King County; Washington,1693,223,1470,64953,304,120,166,210,1470,2684,227,0,4429,1246,53,033,029506
Census Tract 295.07; King County; Washington,955,824,131,133281,0,19,0,43,131,2304,163,0,3056,1557,53,033,029507
Census Tract 295.08; King County; Washington,1231,995,236,137906,0,9,0,11,236,2707,183,0,4303,2114,53,033,029508
Census Tract 296.02; King County; Washington,2143,2063,80,147165,19,0,22,10,80,4665,89,25,7258,3749,53,033,029602
Census Tract 296.03; King County; Washington,1253,795,458,123750,41,14,79,32,458,2933,244,0,4162,1798,53,033,029603
Census Tract 296.04; King County; Washington,1013,617,396,84375,0,6,72,4,396,2275,13,0,3593,1681,53,033,029604
Census Tract 297.01; King County; Washington,1923,801,1122,68612,162,58,164,339,1122,3332,119,0,4788,1944,53,033,029701
Census Tract 297.02; King County; Washington,1246,819,427,83735,28,0,29,124,427,2304,43,0,3386,1105,53,033,029702
Census Tract 298.03; King County; Washington,1764,156,1608,88992,171,131,198,103,1608,3334,80,0,4851,1823,53,033,029803
Census Tract 298.04; King County; Washington,1542,1154,388,135064,78,30,0,116,388,3397,166,0,4536,1867,53,033,029804
Census Tract 298.05; King County; Washington,1587,1339,248,119312,0,23,0,6,248,3569,197,0,5029,2254,53,033,029805
Census Tract 298.06; King County; Washington,1941,1283,658,102301,0,123,22,155,658,3770,220,0,5339,2061,53,033,029806
Census Tract 299.01; King County; Washington,1681,1295,386,102014,0,0,20,134,386,3684,83,0,5126,2599,53,033,029901
Census Tract 299.02; King County; Washington,1835,1660,175,147554,53,0,0,9,175,3875,143,0,5614,2678,53,033,029902
Census Tract 300.03; King County; Washington,2532,1644,888,91632,45,99,245,149,888,4768,288,0,7225,3630,53,033,030003
Census Tract 300.05; King County; Washington,1890,1359,531,97535,64,66,0,100,531,4060,105,0,6285,1601,53,033,030005
Census Tract 300.06; King County; Washington,1745,432,1313,54464,133,195,184,322,1313,3386,180,0,4791,1198,53,033,030006
Census Tract 300.07; King County; Washington,1360,110,1250,49228,136,98,195,410,1250,1989,102,0,3997,320,53,033,030007
Census Tract 300.08; King County; Washington,1922,1001,921,72629,53,91,109,366,921,3200,58,0,4651,1036,53,033,030008
Census Tract 301.01; King County; Washington,1395,862,533,103371,0,15,98,170,533,2493,0,0,3777,1369,53,033,030101
Census Tract 301.02; King County; Washington,1530,1364,166,124884,0,46,0,16,166,2924,84,0,3384,2257,53,033,030102
Census Tract 302.01; King County; Washington,2067,1482,585,91205,41,89,95,115,585,4077,133,0,6025,2373,53,033,030201
Census Tract 302.03; King County; Washington,1508,460,1048,62734,32,81,129,408,1048,2795,157,0,4482,1169,53,033,030203
Census Tract 302.04; King County; Washington,1449,972,477,62382,91,130,0,33,477,3080,92,0,4261,1881,53,033,030204
Census Tract 303.04; King County; Washington,1398,780,618,78232,200,43,89,29,618,2667,63,0,4399,1622,53,033,030304
Census Tract 303.05; King County; Washington,2051,1528,523,106864,41,26,17,31,523,3762,46,0,4843,2617,53,033,030305
Census Tract 303.06; King County; Washington,1841,1529,312,121964,38,0,0,23,312,3907,55,0,5425,2741,53,033,030306
Census Tract 303.08; King County; Washington,2148,990,1158,83026,179,188,15,445,1158,3849,167,0,6123,1671,53,033,030308
Census Tract 303.09; King County; Washington,2446,855,1591,81119,282,89,60,385,1591,3965,111,0,5194,2246,53,033,030309
Census Tract 303.10; King County; Washington,2276,1449,827,113750,71,17,46,249,827,4671,149,0,7015,2490,53,033,030310
Census Tract 303.11; King County; Washington,1593,1199,394,106953,64,46,0,32,394,3439,85,9,5023,2136,53,033,030311
Census Tract 303.12; King County; Washington,1994,1060,934,88235,186,56,119,275,934,3843,11,24,5352,2091,53,033,030312
Census Tract 303.13; King County; Washington,1997,855,1142,61115,163,20,309,309,1142,3029,144,0,5055,1398,53,033,030313
Census Tract 303.14; King County; Washington,2383,1204,1179,67917,174,47,194,332,1179,3639,29,0,4552,1518,53,033,030314
Census Tract 304.03; King County; Washington,1785,1437,348,103713,0,21,21,151,348,3535,61,0,5087,3028,53,033,030403
Census Tract 304.04; King County; Washington,1511,1228,283,115250,8,67,0,38,283,3275,67,0,4741,2230,53,033,030404
Census Tract 304.05; King County; Washington,1252,1065,187,104293,84,0,0,20,187,2403,33,0,3863,2874,53,033,030405
Census Tract 304.06; King County; Washington,1068,677,391,100114,27,35,0,134,391,2012,20,0,2799,1315,53,033,030406
Census Tract 304.07; King County; Washington,874,445,429,98523,89,54,0,94,429,1826,43,0,2640,952,53,033,030407
Census Tract 305.01; King County; Washington,1559,127,1432,29570,136,130,172,596,1432,2226,12,0,2651,1612,53,033,030501
Census Tract 305.03; King County; Washington,2520,1264,1256,87188,95,247,117,206,1256,4214,42,0,6691,2518,53,033,030503
Census Tract 305.04; King County; Washington,2026,923,1103,79600,214,52,73,223,1103,3599,259,0,5432,3043,53,033,030504
Census Tract 306; King County; Washington,2069,1322,747,89375,135,11,97,103,747,3787,11,0,5279,3318,53,033,030600
Census Tract 307; King County; Washington,1721,841,880,66655,27,119,64,368,880,2918,8,0,4077,1760,53,033,030700
Census Tract 308.01; King County; Washington,2287,1206,1081,72083,155,59,20,228,1081,4088,259,47,7310,1791,53,033,030801
Census Tract 308.02; King County; Washington,1599,775,824,83114,32,130,67,167,824,3187,195,10,4489,1966,53,033,030802
Census Tract 309.01; King County; Washington,1193,977,216,91641,26,14,4,77,216,2656,138,0,4046,1542,53,033,030901
Census Tract 309.02; King County; Washington,2079,1146,933,91856,167,160,57,166,933,3988,53,0,6090,3065,53,033,030902
Census Tract 310; King County; Washington,1756,1484,272,136027,37,0,9,87,272,3392,75,0,4655,2792,53,033,031000
Census Tract 311.01; King County; Washington,1464,558,906,71937,126,12,71,270,906,2826,45,0,4000,1514,53,033,031101
Census Tract 311.02; King County; Washington,1262,948,314,82206,23,31,32,104,314,2158,41,0,3100,1617,53,033,031102
Census Tract 312.02; King County; Washington,1953,1589,364,105506,0,14,2,20,364,3960,24,0,6116,3736,53,033,031202
Census Tract 312.04; King County; Washington,2231,2095,136,118799,0,0,0,32,136,4610,106,0,6415,4757,53,033,031204
Census Tract 312.06; King County; Washington,1672,896,776,99767,109,23,62,224,776,3280,152,0,5571,2610,53,033,031206
Census Tract 312.07; King County; Washington,1302,762,540,101655,23,0,119,278,540,2595,29,0,4875,2131,53,033,031207
Census Tract 312.08; King County; Washington,1385,1062,323,102875,52,0,0,23,323,2849,135,0,4369,2531,53,033,031208
Census Tract 313.01; King County; Washington,916,837,79,120000,7,0,0,21,79,1717,60,0,2096,1706,53,033,031301
Census Tract 313.02; King County; Washington,1800,1457,343,119632,42,0,21,175,343,3134,91,0,4576,3227,53,033,031302
Census Tract 314; King County; Washington,2431,1673,758,125035,98,88,30,128,758,4588,71,0,6179,4793,53,033,031400
Census Tract 315.01; King County; Washington,1436,1213,223,117652,39,0,0,35,223,2795,21,0,3850,3326,53,033,031501
Census Tract 315.02; King County; Washington,1963,1613,350,110221,0,55,35,64,350,3568,37,0,4900,4145,53,033,031502
Census Tract 316.01; King County; Washington,2041,1810,231,127250,0,26,0,0,231,4141,64,0,5522,4023,53,033,031601
Census Tract 316.03; King County; Washington,2728,2232,496,142432,18,17,39,23,496,4856,0,0,7843,5222,53,033,031603
Census Tract 316.04; King County; Washington,1858,1686,172,141563,32,7,8,39,172,3558,38,0,5859,4121,53,033,031604
Census Tract 316.05; King County; Washington,1429,1254,175,154792,0,0,14,0,175,2676,32,0,3791,2907,53,033,031605
Census Tract 317.04; King County; Washington,1903,1328,575,113829,33,46,115,161,575,4003,258,0,6509,3090,53,033,031704
Census Tract 317.05; King County; Washington,1417,1252,165,133594,5,20,0,59,165,2957,116,0,4214,2819,53,033,031705
Census Tract 317.07; King County; Washington,1096,1045,51,156389,0,0,0,0,51,2187,0,0,2961,1481,53,033,031707
Census Tract 317.08; King County; Washington,1545,1270,275,78750,0,0,12,201,275,2808,76,0,3693,2449,53,033,031708
Census Tract 317.09; King County; Washington,1201,1074,127,139219,0,0,50,35,127,2421,2,0,3576,2142,53,033,031709
Census Tract 317.10; King County; Washington,1606,929,677,113731,68,48,98,257,677,2931,12,0,4317,3004,53,033,031710
Census Tract 318; King County; Washington,1692,1541,151,147813,0,12,8,24,151,3713,45,0,5138,3019,53,033,031800
Census Tract 319.04; King County; Washington,1237,1166,71,163920,0,0,0,8,71,2331,9,0,3567,2906,53,033,031904
Census Tract 319.06; King County; Washington,1312,1158,154,121053,11,0,25,0,154,2810,8,0,3854,2456,53,033,031906
Census Tract 319.08; King County; Washington,1733,965,768,76484,85,30,106,210,768,2907,123,0,4126,2231,53,033,031908
Census Tract 319.09; King County; Washington,1191,820,371,100655,13,42,5,80,371,2004,15,0,3005,1310,53,033,031909
Census Tract 319.10; King County; Washington,1594,1427,167,118913,0,28,0,12,167,2943,35,0,3981,2303,53,033,031910
Census Tract 319.11; King County; Washington,1236,1180,56,161149,0,0,0,16,56,2740,9,0,3458,2116,53,033,031911
Census Tract 319.12; King County; Washington,1345,1164,181,100903,7,0,0,120,181,2622,70,0,3796,2615,53,033,031912
Census Tract 319.13; King County; Washington,1246,1128,118,184792,0,0,9,44,118,2569,53,0,4162,2657,53,033,031913
Census Tract 320.02; King County; Washington,1102,929,173,136573,30,9,45,35,173,2390,29,0,3099,2500,53,033,032002
Census Tract 320.03; King County; Washington,2054,1921,133,151528,0,0,0,0,133,3918,6,0,5488,4440,53,033,032003
Census Tract 320.05; King County; Washington,2634,2293,341,123721,0,0,0,61,341,4867,42,0,7543,4219,53,033,032005
Census Tract 320.06; King County; Washington,1927,1631,296,123608,53,0,27,57,296,3886,0,0,5342,4052,53,033,032006
Census Tract 320.07; King County; Washington,1311,1015,296,139493,0,7,32,144,296,2807,6,0,4286,3372,53,033,032007
Census Tract 320.08; King County; Washington,1552,1459,93,149643,8,0,10,21,93,3038,27,0,4696,3563,53,033,032008
Census Tract 320.10; King County; Washington,2331,1868,463,131042,23,36,19,251,463,4369,29,0,6585,4528,53,033,032010
Census Tract 320.11; King County; Washington,1598,1327,271,169615,12,0,11,86,271,3062,45,0,4939,3343,53,033,032011
Census Tract 321.02; King County; Washington,1924,1828,96,173250,32,0,11,22,96,3951,0,0,5168,4350,53,033,032102
Census Tract 321.03; King County; Washington,2657,1257,1400,119906,144,54,200,279,1400,4380,0,0,5588,3423,53,033,032103
Census Tract 321.04; King County; Washington,2476,1626,850,135862,107,0,34,127,850,4801,0,0,6504,4702,53,033,032104
Census Tract 322.07; King County; Washington,1242,1145,97,214348,2,17,11,26,97,2502,0,0,3703,2366,53,033,032207
Census Tract 322.11; King County; Washington,1682,1308,374,187500,15,0,10,67,374,3288,12,0,5014,1984,53,033,032211
Census Tract 322.13; King County; Washington,1581,1523,58,250001,0,0,0,2,58,3201,30,0,4739,3095,53,033,032213
Census Tract 322.15; King County; Washington,1779,1644,135,250001,0,9,9,47,135,3788,10,0,5817,2862,53,033,032215
Census Tract 322.16; King County; Washington,1677,1378,299,250001,23,27,44,78,299,3213,106,0,5195,2183,53,033,032216
Census Tract 322.17; King County; Washington,1416,1190,226,250001,0,0,0,0,226,2818,8,0,4165,2556,53,033,032217
Census Tract 322.18; King County; Washington,2372,2145,227,172450,16,15,0,66,227,4722,181,0,6068,2894,53,033,032218
Census Tract 322.19; King County; Washington,1811,846,965,181451,13,27,14,186,965,3353,14,0,4284,2599,53,033,032219
Census Tract 322.20; King County; Washington,3760,1718,2042,157464,127,24,117,382,2042,6635,211,0,9261,4072,53,033,032220
Census Tract 322.21; King County; Washington,2183,1864,319,235625,12,71,47,51,319,4065,0,0,6028,2853,53,033,032221
Census Tract 322.22; King County; Washington,1750,886,864,126250,122,40,56,357,864,2639,0,0,3997,2028,53,033,032222
Census Tract 322.23; King County; Washington,1399,1240,159,208221,19,0,0,17,159,3002,0,0,4393,2654,53,033,032223
Census Tract 322.24; King County; Washington,837,635,202,232995,12,0,6,8,202,1673,0,0,2899,1193,53,033,032224
Census Tract 322.25; King County; Washington,1266,997,269,188333,71,24,0,85,269,2235,33,0,3635,1557,53,033,032225
Census Tract 323.07; King County; Washington,2342,2099,243,173832,0,0,0,173,243,4590,85,0,6568,5739,53,033,032307
Census Tract 323.11; King County; Washington,1979,1783,196,200391,31,0,23,25,196,4349,12,0,6064,4707,53,033,032311
Census Tract 323.13; King County; Washington,2939,794,2145,145281,98,62,77,389,2145,5176,0,0,7682,2311,53,033,032313
Census Tract 323.15; King County; Washington,2052,1923,129,191531,9,0,0,54,129,4089,0,0,5794,4469,53,033,032315
Census Tract 323.16; King County; Washington,1869,1680,189,241343,10,6,11,5,189,3684,0,0,5650,2681,53,033,032316
Census Tract 323.17; King County; Washington,2266,1932,334,214452,0,0,32,38,334,4492,47,0,6863,4211,53,033,032317
Census Tract 323.18; King County; Washington,2202,1898,304,250001,15,28,30,30,304,4332,31,0,6919,3392,53,033,032318
Census Tract 323.19; King County; Washington,3169,1221,1948,113882,224,163,390,387,1948,5272,0,0,7085,4914,53,033,032319
Census Tract 323.20; King County; Washington,1595,1500,95,247610,0,0,0,0,95,3523,0,0,4791,3516,53,033,032320
Census Tract 323.21; King County; Washington,2323,2195,128,250001,0,0,0,27,128,4608,0,0,7197,3608,53,033,032321
Census Tract 323.22; King County; Washington,1038,998,40,228750,0,0,0,4,40,2159,0,0,2969,1819,53,033,032322
Census Tract 323.23; King County; Washington,2596,1783,813,207198,64,104,58,175,813,4681,4,0,6915,3176,53,033,032323
Census Tract 323.24; King County; Washington,2540,1375,1165,167875,73,0,67,217,1165,4520,0,0,6708,3534,53,033,032324
Census Tract 323.25; King County; Washington,2664,1318,1346,131987,89,136,32,335,1346,4530,0,0,6379,3775,53,033,032325
Census Tract 323.26; King County; Washington,1286,1150,136,224929,11,0,28,62,136,2660,35,0,4100,2878,53,033,032326
Census Tract 323.27; King County; Washington,2086,2020,66,151750,0,0,10,16,66,3584,26,0,4125,3233,53,033,032327
Census Tract 323.28; King County; Washington,1081,1062,19,226781,0,0,0,14,19,2182,0,0,3147,2120,53,033,032328
Census Tract 323.30; King County; Washington,2913,783,2130,144531,105,217,149,316,2130,4485,0,0,5610,2307,53,033,032330
Census Tract 323.31; King County; Washington,3670,41,3629,142437,205,29,411,312,3629,4870,0,0,6193,2614,53,033,032331
Census Tract 323.32; King County; Washington,2043,1423,620,225905,69,0,27,141,620,4000,0,0,6238,2553,53,033,032332
Census Tract 323.33; King County; Washington,1239,905,334,179613,10,25,57,190,334,2215,0,0,3445,1261,53,033,032333
Census Tract 324.01; King County; Washington,2173,1972,201,155288,21,0,27,45,201,3875,18,0,5931,4334,53,033,032401
Census Tract 324.02; King County; Washington,2395,2159,236,154116,0,0,10,65,236,4913,102,0,7437,5274,53,033,032402
Census Tract 325; King County; Washington,2036,1835,201,171369,7,18,0,24,201,4186,48,0,5725,4696,53,033,032500
Census Tract 326.01; King County; Washington,938,770,168,153194,13,0,0,49,168,1811,0,0,2454,2154,53,033,032601
Census Tract 326.03; King County; Washington,1408,1319,89,224286,0,26,0,16,89,2762,0,0,4233,3268,53,033,032603
Census Tract 326.04; King County; Washington,2052,1816,236,193634,9,26,13,0,236,4139,41,0,6176,3856,53,033,032604
Census Tract 326.05; King County; Washington,1167,978,189,204153,23,0,27,0,189,2402,0,0,4051,3310,53,033,032605
Census Tract 327.03; King County; Washington,743,466,277,126250,68,62,12,0,277,1267,15,12,1878,1595,53,033,032703
Census Tract 327.04; King County; Washington,2978,2420,558,164310,46,0,34,237,558,5604,57,0,7962,5613,53,033,032704
Census Tract 327.05; King County; Washington,1315,1083,232,152554,42,0,38,23,232,2615,0,0,3593,3012,53,033,032705
Census Tract 327.06; King County; Washington,977,911,66,154534,0,0,18,0,66,2036,3,0,2944,2210,53,033,032706
Census Tract 328; King County; Washington,1075,958,117,112250,56,0,0,27,117,1951,0,0,2534,2384,53,033,032800
Census Tract 9901; King County; Washington,0,0,0,-666666666,0,0,0,0,0,0,0,0,0,0,53,033,990100
